"Risk_Segment,Credit_Score_Band,Total_Loans,Total_Exposure,Defaulted_Loans,Defaulted_Exposure,Default_Rate"
"Very Low,Very Good,5479,13897726892.00,802,2035485364.00,0.146377076108"
"Medium,Fair,7808,19681990066.00,1188,3030840512.00,0.152151639344"
"High,Poor,25721,65300984232.00,3812,9698653563.00,0.148205746277"
"Low,Very Good,50,116734183.00,6,14705167.00,0.12"
"High,Fair,109,291776032.00,20,51153703.00,0.183486238532"
"Medium,Good,145,369951383.00,17,48080841.00,0.11724137931"
"Low,Good,6153,15418303763.00,913,2280140475.00,0.148382902649"
"Very Low,Excellent,4535,11341451016.00,673,1659360063.00,0.148401323042"
