Risk_Segment,Credit_Score_Band,Total_Loans,Total_Exposure,Defaulted_Loans,Defaulted_Exposure,Default_Rate
Very Low,Very Good,5479,13897726892,802,2035485364,0.146377076
Medium,Fair,7808,19681990066,1188,3030840512,0.152151639
High,Poor,25721,65300984232,3812,9698653563,0.148205746
Low,Very Good,50,116734183,6,14705167,0.12
High,Fair,109,291776032,20,51153703,0.183486239
Medium,Good,145,369951383,17,48080841,0.117241379
Low,Good,6153,15418303763,913,2280140475,0.148382903
Very Low,Excellent,4535,11341451016,673,1659360063,0.148401323
